slug,type,title_len,desc_len,h1_count,h2_count,word_count,size_kb,has_schema,issue_count,issues
"porta-potty-rental-abilene-tx",city,57,153,1,16,5757,118.8,True,0,""
"porta-potty-rental-akron-oh",city,53,159,1,10,4274,72.6,True,0,""
"porta-potty-rental-alabama",city,57,158,1,5,1199,30.7,True,0,""
"porta-potty-rental-albany-ny",city,57,157,1,10,4321,73.1,True,0,""
"porta-potty-rental-albuquerque-nm",city,57,159,1,10,4373,76.2,True,0,""
"porta-potty-rental-allegheny-county-pa",city,61,158,1,7,2808,44.2,True,0,""
"porta-potty-rental-allen-tx",city,55,151,1,15,5597,113.8,True,0,""
"porta-potty-rental-amarillo-tx",city,58,154,1,17,5777,124.6,True,0,""
"porta-potty-rental-anaheim-ca",city,64,147,1,13,5333,99.4,True,0,""
"porta-potty-rental-anchorage-ak",city,59,157,1,10,4393,74.9,True,0,""
"porta-potty-rental-ann-arbor-mi",city,59,149,1,15,5897,120.7,True,0,""
"porta-potty-rental-arizona",city,57,158,1,6,1958,40.5,True,0,""
"porta-potty-rental-arkansas",city,58,159,1,5,1153,28.4,True,0,""
"porta-potty-rental-arlington-tx",city,58,155,1,15,5498,113.2,True,0,""
"porta-potty-rental-arvada-co",city,56,152,1,14,5341,102.8,True,0,""
"porta-potty-rental-athens-ga",city,65,151,1,13,5260,108.7,True,0,""
"porta-potty-rental-atlanta-ga",city,56,153,1,13,5284,108.9,True,0,""
"porta-potty-rental-auburn-ca",city,65,154,1,14,5724,103.7,True,0,""
"porta-potty-rental-augusta-ga",city,62,154,1,13,5428,109.4,True,0,""
"porta-potty-rental-aurora-co",city,58,155,1,13,5159,100.1,True,0,""
"porta-potty-rental-austin-tx",city,55,152,1,15,6071,113.8,True,0,""
"porta-potty-rental-babylon-town-ny",city,62,145,1,13,5428,116.1,True,0,""
"porta-potty-rental-bakersfield-ca",city,60,157,1,14,5562,104.9,True,0,""
"porta-potty-rental-baltimore-county-md",city,61,150,1,7,2778,44.3,True,0,""
"porta-potty-rental-baltimore-md",city,58,155,1,14,5287,112.1,True,0,""
"porta-potty-rental-baton-rouge-la",city,65,146,1,13,5834,111.2,True,0,""
"porta-potty-rental-beaumont-tx",city,58,154,1,15,5591,118.8,True,0,""
"porta-potty-rental-bellevue-wa",city,58,154,1,13,5122,98.3,True,0,""
"porta-potty-rental-bexar-county-tx",city,57,156,1,7,2854,44.5,True,0,""
"porta-potty-rental-billings-mt",city,55,160,1,10,4297,72.9,True,0,""
"porta-potty-rental-biloxi-ms",city,53,151,1,10,4247,72.2,True,0,""
"porta-potty-rental-birmingham-al",city,60,150,1,13,5148,100.6,True,0,""
"porta-potty-rental-bismarck-nd",city,65,156,1,10,4343,72.9,True,0,""
"porta-potty-rental-blaine-mn",city,56,152,1,13,5331,104.2,True,0,""
"porta-potty-rental-bloomington-ca",city,61,151,1,13,5259,107.4,True,0,""
"porta-potty-rental-boise-id",city,55,151,1,14,5718,116.2,True,0,""
"porta-potty-rental-boston-ma",city,55,152,1,15,5395,110.2,True,0,""
"porta-potty-rental-boulder-co",city,61,153,1,13,5409,109.2,True,0,""
"porta-potty-rental-bowling-green-ky",city,59,153,1,13,5562,110.5,True,0,""
"porta-potty-rental-bozeman-mt",city,59,157,1,10,4298,72.6,True,0,""
"porta-potty-rental-brea-ca",city,57,153,1,12,5102,96.9,True,0,""
"porta-potty-rental-bridgeport-ct",city,60,150,1,16,5743,121.6,True,0,""
"porta-potty-rental-brookhaven-ny",city,60,150,1,13,5314,116.0,True,0,""
"porta-potty-rental-brooklyn-park-mn",city,64,150,1,13,5762,111.8,True,0,""
"porta-potty-rental-broward-county-fl",city,59,160,1,7,2805,45.8,True,0,""
"porta-potty-rental-brownsville-tx",city,61,151,1,15,5620,116.4,True,0,""
"porta-potty-rental-buena-park-ca",city,63,153,1,12,5294,98.3,True,0,""
"porta-potty-rental-buffalo-ny",city,57,153,1,13,5405,115.7,True,0,""
"porta-potty-rental-burlington-vt",city,57,157,1,10,4347,74.6,True,0,""
"porta-potty-rental-california",city,61,150,1,4,1298,37.8,True,0,""
"porta-potty-rental-cambridge-ma",city,59,149,1,13,5105,101.5,True,0,""
"porta-potty-rental-cape-coral-fl",city,60,152,1,16,5330,106.9,True,0,""
"porta-potty-rental-carrollton-tx",city,60,150,1,16,5735,119.5,True,0,""
"porta-potty-rental-casper-wy",city,51,155,1,10,4343,71.8,True,0,""
"porta-potty-rental-centennial-co",city,58,152,1,13,5432,110.6,True,0,""
"porta-potty-rental-chandler-az",city,58,154,1,16,5534,115.9,True,0,""
"porta-potty-rental-charleston-sc",city,56,147,1,10,4304,74.2,True,0,""
"porta-potty-rental-charleston-wv",city,63,156,1,10,4339,73.2,True,0,""
"porta-potty-rental-charlotte-nc",city,58,155,1,13,5485,110.4,True,0,""
"porta-potty-rental-chattanooga-tn",city,61,151,1,16,5514,117.0,True,0,""
"porta-potty-rental-chesapeake-va",city,59,148,1,10,4297,74.0,True,0,""
"porta-potty-rental-cheyenne-wy",city,58,160,1,10,4440,73.3,True,0,""
"porta-potty-rental-chicago-il",city,64,150,1,14,5337,111.5,True,0,""
"porta-potty-rental-chula-vista-ca",city,61,154,1,14,5930,104.7,True,0,""
"porta-potty-rental-cincinnati-oh",city,57,160,1,10,4316,73.5,True,0,""
"porta-potty-rental-clark-county-nv",city,57,157,1,6,2904,45.7,True,0,""
"porta-potty-rental-clarksville-tn",city,61,151,1,15,5541,120.0,True,0,""
"porta-potty-rental-clearwater-fl",city,58,152,1,16,5060,107.4,True,0,""
"porta-potty-rental-cleveland-oh",city,57,157,1,10,4388,73.8,True,0,""
"porta-potty-rental-college-station-tx",city,65,150,1,15,5739,117.6,True,0,""
"porta-potty-rental-colorado",city,59,160,1,6,1985,41.0,True,0,""
"porta-potty-rental-colorado-springs-co",city,53,152,1,14,5409,103.0,True,0,""
"porta-potty-rental-columbia-mo",city,58,152,1,10,4436,74.0,True,0,""
"porta-potty-rental-columbia-sc",city,58,154,1,14,5320,108.2,True,0,""
"porta-potty-rental-columbus-oh",city,58,154,1,14,5507,108.8,True,0,""
"porta-potty-rental-connecticut",city,61,150,1,5,1179,29.9,True,0,""
"porta-potty-rental-conroe-tx",city,62,157,1,10,4352,73.3,True,0,""
"porta-potty-rental-cook-county-il",city,65,158,1,7,2847,45.3,True,0,""
"porta-potty-rental-coral-springs-fl",city,63,153,1,15,5862,119.7,True,0,""
"porta-potty-rental-corpus-christi-tx",city,63,160,1,15,5787,120.3,True,0,""
"porta-potty-rental-cuyahoga-county-oh",city,60,158,1,7,2785,43.9,True,0,""
"porta-potty-rental-dallas-county-tx",city,58,157,1,7,2810,47.0,True,0,""
"porta-potty-rental-dallas-fort-worth-tx",city,59,152,1,13,5194,101.3,True,0,""
"porta-potty-rental-dallas-tx",city,55,152,1,14,5571,117.9,True,0,""
"porta-potty-rental-davidson-county-tn",city,60,150,1,7,2861,45.1,True,0,""
"porta-potty-rental-dayton-oh",city,51,157,1,10,4425,74.7,True,0,""
"porta-potty-rental-decatur-ga",city,60,152,1,13,5309,109.2,True,0,""
"porta-potty-rental-denton-tx",city,56,152,1,14,5505,110.6,True,0,""
"porta-potty-rental-denver-co",city,55,152,1,15,5494,109.8,True,0,""
"porta-potty-rental-des-moines-ia",city,59,150,1,10,4516,75.1,True,0,""
"porta-potty-rental-detroit-mi",city,56,153,1,15,5365,111.6,True,0,""
"porta-potty-rental-dothan-al",city,56,152,1,13,5237,105.3,True,0,""
"porta-potty-rental-douglas-county-ne",city,59,154,1,7,2773,43.8,True,0,""
"porta-potty-rental-duluth-mn",city,56,152,1,13,5302,105.1,True,0,""
"porta-potty-rental-durham-nc",city,52,157,1,10,4339,73.4,True,0,""
"porta-potty-rental-east-anaheim-ca",city,58,130,1,14,5640,103.3,True,0,""
"porta-potty-rental-el-paso-tx",city,56,153,1,15,5975,118.5,True,0,""
"porta-potty-rental-elgin-il",city,62,154,1,14,5352,111.6,True,0,""
"porta-potty-rental-elizabeth-nj",city,59,149,1,13,5286,103.8,True,0,""
"porta-potty-rental-ellicott-city-md",city,59,153,1,14,5433,113.0,True,0,""
"porta-potty-rental-enterprise-nv",city,60,150,1,14,5371,112.0,True,0,""
"porta-potty-rental-evansville-in",city,64,150,1,14,5382,113.3,True,0,""
"porta-potty-rental-everett-wa",city,57,153,1,13,5151,101.9,True,0,""
"porta-potty-rental-fairfax-county-va",city,59,154,1,7,2976,45.9,True,0,""
"porta-potty-rental-fargo-nd",city,56,160,1,10,4227,70.7,True,0,""
"porta-potty-rental-fayetteville-ar",city,55,159,1,10,4390,74.2,True,0,""
"porta-potty-rental-florida",city,58,159,1,4,1167,31.7,True,0,""
"porta-potty-rental-fort-collins-co",city,62,152,1,14,5403,103.6,True,0,""
"porta-potty-rental-fort-lauderdale-fl",city,65,150,1,15,5623,113.5,True,0,""
"porta-potty-rental-fort-wayne-in",city,60,150,1,13,5318,104.5,True,0,""
"porta-potty-rental-fort-worth-tx",city,59,156,1,13,5702,111.1,True,0,""
"porta-potty-rental-franklin-county-oh",city,60,158,1,7,2706,43.6,True,0,""
"porta-potty-rental-franklin-tn",city,58,154,1,15,5418,115.2,True,0,""
"porta-potty-rental-frederick-md",city,62,152,1,13,5153,97.3,True,0,""
"porta-potty-rental-fresno-ca",city,55,152,1,14,5566,103.5,True,0,""
"porta-potty-rental-frisco-tx",city,56,152,1,15,5982,118.3,True,0,""
"porta-potty-rental-fullerton-ca",city,62,152,1,12,5196,100.6,True,0,""
"porta-potty-rental-fullerton-north-ca",city,63,135,1,14,5636,103.8,True,0,""
"porta-potty-rental-fulton-county-ga",city,58,159,1,7,2818,45.2,True,0,""
"porta-potty-rental-gainesville-fl",city,58,152,1,16,5306,108.0,True,0,""
"porta-potty-rental-garland-tx",city,57,153,1,16,5838,115.9,True,0,""
"porta-potty-rental-georgetown-tx",city,62,158,1,10,4374,73.9,True,0,""
"porta-potty-rental-georgia",city,57,158,1,5,1214,31.1,True,0,""
"porta-potty-rental-germantown-md",city,60,150,1,14,5210,103.5,True,0,""
"porta-potty-rental-gilbert-az",city,57,153,1,14,5491,109.2,True,0,""
"porta-potty-rental-glen-burnie-md",city,61,151,1,13,5175,105.2,True,0,""
"porta-potty-rental-glendale-az",city,63,151,1,10,4405,74.0,True,0,""
"porta-potty-rental-glendale-ca",city,58,154,1,15,5476,112.6,True,0,""
"porta-potty-rental-grand-junction-co",city,64,149,1,10,4729,76.5,True,0,""
"porta-potty-rental-grand-prairie-tx",city,63,153,1,14,5843,109.5,True,0,""
"porta-potty-rental-grand-rapids-mi",city,62,152,1,15,5757,121.3,True,0,""
"porta-potty-rental-greeley-co",city,60,150,1,13,5196,100.7,True,0,""
"porta-potty-rental-greensboro-nc",city,56,145,1,10,4331,74.3,True,0,""
"porta-potty-rental-greenville-nc",city,58,157,1,10,4336,75.1,True,0,""
"porta-potty-rental-greenville-sc",city,61,160,1,10,4369,74.4,True,0,""
"porta-potty-rental-hamilton-county-tn",city,60,150,1,7,2816,45.2,True,0,""
"porta-potty-rental-harris-county-tx",city,58,157,1,7,2805,45.3,True,0,""
"porta-potty-rental-hartford-ct",city,58,154,1,15,5433,115.5,True,0,""
"porta-potty-rental-hattiesburg-ms",city,56,152,1,10,4392,74.5,True,0,""
"porta-potty-rental-hempstead-town-ny",city,64,147,1,13,5564,118.2,True,0,""
"porta-potty-rental-henderson-nv",city,58,155,1,13,5419,108.4,True,0,""
"porta-potty-rental-hennepin-county-mn",city,60,150,1,7,2835,46.5,True,0,""
"porta-potty-rental-hialeah-fl",city,64,151,1,17,5465,121.2,True,0,""
"porta-potty-rental-highlands-ranch-co",city,65,151,1,13,5451,110.2,True,0,""
"porta-potty-rental-hillsborough-county-fl",city,53,152,1,7,2805,45.4,True,0,""
"porta-potty-rental-honolulu-hi",city,56,159,1,10,4249,73.7,True,0,""
"porta-potty-rental-hoover-al",city,62,154,1,13,5342,108.6,True,0,""
"porta-potty-rental-houston-tx",city,56,153,1,13,5336,109.3,True,0,""
"porta-potty-rental-huntington-ny",city,64,151,1,13,5558,110.7,True,0,""
"porta-potty-rental-huntington-wv",city,61,151,1,10,4290,73.7,True,0,""
"porta-potty-rental-huntsville-al",city,64,151,1,13,5404,110.6,True,0,""
"porta-potty-rental-idaho",city,55,156,1,5,1141,27.8,True,0,""
"porta-potty-rental-illinois",city,58,159,1,6,1898,39.5,True,0,""
"porta-potty-rental-independence-mo",city,59,153,1,13,5450,110.6,True,0,""
"porta-potty-rental-indiana",city,57,158,1,5,1184,29.8,True,0,""
"porta-potty-rental-indianapolis-in",city,61,158,1,14,5349,113.4,True,0,""
"porta-potty-rental-iowa",city,54,155,1,5,1146,27.8,True,0,""
"porta-potty-rental-irvine-ca",city,65,154,1,14,5647,103.8,True,0,""
"porta-potty-rental-irving-tx",city,56,152,1,16,5759,118.6,True,0,""
"porta-potty-rental-islip-ny",city,55,151,1,13,5513,115.0,True,0,""
"porta-potty-rental-jackson-ms",city,59,149,1,10,4261,72.6,True,0,""
"porta-potty-rental-jacksonville-fl",city,61,158,1,13,5122,106.6,True,0,""
"porta-potty-rental-jefferson-county-ky",city,61,150,1,7,2800,44.6,True,0,""
"porta-potty-rental-jersey-city-nj",city,61,151,1,13,5619,107.1,True,0,""
"porta-potty-rental-johnson-city-tn",city,62,152,1,15,5662,118.5,True,0,""
"porta-potty-rental-joliet-il",city,59,149,1,13,5233,104.4,True,0,""
"porta-potty-rental-joplin-mo",city,62,157,1,10,4368,73.0,True,0,""
"porta-potty-rental-kansas",city,56,157,1,5,1171,29.2,True,0,""
"porta-potty-rental-kansas-city-mo",city,60,157,1,13,5592,109.9,True,0,""
"porta-potty-rental-katy-tx",city,61,159,1,10,4384,72.6,True,0,""
"porta-potty-rental-kent-wa",city,54,150,1,13,5178,96.4,True,0,""
"porta-potty-rental-kentucky",city,58,159,1,5,1175,29.4,True,0,""
"porta-potty-rental-killeen-tx",city,57,153,1,15,5868,114.2,True,0,""
"porta-potty-rental-king-county-wa",city,65,160,1,7,2762,44.9,True,0,""
"porta-potty-rental-knox-county-tn",city,65,159,1,7,2766,44.0,True,0,""
"porta-potty-rental-knoxville-tn",city,59,149,1,17,5727,122.0,True,0,""
"porta-potty-rental-la-habra-ca",city,61,151,1,12,5180,101.2,True,0,""
"porta-potty-rental-lafayette-la",city,59,152,1,13,5265,104.4,True,0,""
"porta-potty-rental-lake-charles-la",city,65,148,1,10,4690,75.7,True,0,""
"porta-potty-rental-lake-forest-ca",city,64,154,1,12,5394,98.8,True,0,""
"porta-potty-rental-lakeland-fl",city,54,155,1,10,4400,74.1,True,0,""
"porta-potty-rental-lakeville-mn",city,59,149,1,13,5368,104.0,True,0,""
"porta-potty-rental-lakewood-ca",city,59,154,1,14,5576,104.5,True,0,""
"porta-potty-rental-lansing-mi",city,57,153,1,15,5686,122.8,True,0,""
"porta-potty-rental-laredo-tx",city,56,152,1,14,5833,117.9,True,0,""
"porta-potty-rental-las-vegas-nv",city,58,155,1,14,5606,112.8,True,0,""
"porta-potty-rental-league-city-tx",city,61,151,1,15,5769,119.8,True,0,""
"porta-potty-rental-lehigh-acres-fl",city,62,152,1,15,5665,119.4,True,0,""
"porta-potty-rental-lewisville-tx",city,60,150,1,15,5637,118.3,True,0,""
"porta-potty-rental-lexington-ky",city,58,155,1,13,5324,109.5,True,0,""
"porta-potty-rental-lincoln-ne",city,58,160,1,10,4348,72.7,True,0,""
"porta-potty-rental-little-rock-ar",city,65,156,1,10,4448,73.1,True,0,""
"porta-potty-rental-long-beach-ca",city,59,156,1,14,5775,104.0,True,0,""
"porta-potty-rental-long-island-ny",city,59,153,1,13,5721,109.8,True,0,""
"porta-potty-rental-longmont-co",city,61,151,1,13,5235,102.8,True,0,""
"porta-potty-rental-los-angeles-ca",city,62,157,1,14,5737,103.8,True,0,""
"porta-potty-rental-los-angeles-county-ca",city,52,158,1,7,2989,46.9,True,0,""
"porta-potty-rental-louisiana",city,59,160,1,5,1182,29.9,True,0,""
"porta-potty-rental-louisville-ky",city,59,156,1,13,5054,96.0,True,0,""
"porta-potty-rental-loveland-co",city,58,154,1,14,5229,100.5,True,0,""
"porta-potty-rental-lowell-ma",city,56,152,1,13,5171,100.0,True,0,""
"porta-potty-rental-lubbock-tx",city,57,153,1,13,4518,96.5,True,0,""
"porta-potty-rental-macon-ga",city,62,154,1,13,5468,109.5,True,0,""
"porta-potty-rental-madison-wi",city,64,150,1,14,5289,110.7,True,0,""
"porta-potty-rental-manchester-nh",city,65,156,1,10,4343,74.8,True,0,""
"porta-potty-rental-maple-grove-mn",city,61,154,1,13,5786,104.6,True,0,""
"porta-potty-rental-maricopa-county-az",city,60,154,1,7,3072,48.5,True,0,""
"porta-potty-rental-marion-county-in",city,58,159,1,7,2821,44.7,True,0,""
"porta-potty-rental-maryland",city,58,159,1,6,1963,39.6,True,0,""
"porta-potty-rental-massachusetts",city,63,152,1,5,1187,30.5,True,0,""
"porta-potty-rental-mc-allen-tx",city,57,153,1,15,5415,114.7,True,0,""
"porta-potty-rental-mckinney-tx",city,58,154,1,15,5666,118.7,True,0,""
"porta-potty-rental-mecklenburg-county-nc",city,52,152,1,7,2790,45.4,True,0,""
"porta-potty-rental-memphis-tn",city,56,153,1,15,5320,109.5,True,0,""
"porta-potty-rental-mesa-az",city,53,150,1,15,5365,108.5,True,0,""
"porta-potty-rental-metairie-la",city,58,154,1,13,5418,102.2,True,0,""
"porta-potty-rental-miami-dade-county-fl",city,65,150,1,7,2772,45.9,True,0,""
"porta-potty-rental-miami-fl",city,65,147,1,14,5429,114.9,True,0,""
"porta-potty-rental-miami-gardens-fl",city,63,153,1,15,5694,121.0,True,0,""
"porta-potty-rental-michigan",city,58,159,1,5,1201,30.3,True,0,""
"porta-potty-rental-midland-tx",city,57,153,1,14,5565,117.2,True,0,""
"porta-potty-rental-milwaukee-wi",city,55,158,1,10,4305,72.2,True,0,""
"porta-potty-rental-minneapolis-mn",city,63,160,1,14,5431,108.3,True,0,""
"porta-potty-rental-minnesota",city,59,160,1,6,1852,39.1,True,0,""
"porta-potty-rental-mississippi",city,61,150,1,5,1158,29.0,True,0,""
"porta-potty-rental-missoula-mt",city,56,157,1,10,4392,73.2,True,0,""
"porta-potty-rental-missouri",city,58,159,1,5,1164,28.9,True,0,""
"porta-potty-rental-mobile-al",city,65,151,1,13,5289,107.9,True,0,""
"porta-potty-rental-montana",city,57,158,1,5,1141,27.9,True,0,""
"porta-potty-rental-montgomery-al",city,60,150,1,14,5145,102.7,True,0,""
"porta-potty-rental-multnomah-county-or",city,61,154,1,7,2768,44.6,True,0,""
"porta-potty-rental-murfreesboro-tn",city,65,151,1,13,5416,111.5,True,0,""
"porta-potty-rental-myrtle-beach-sc",city,64,151,1,13,5763,111.2,True,0,""
"porta-potty-rental-naperville-il",city,60,150,1,13,5034,96.8,True,0,""
"porta-potty-rental-nashville-tn",city,58,155,1,13,5268,108.7,True,0,""
"porta-potty-rental-nassau-county-ny",city,58,160,1,7,2857,45.7,True,0,""
"porta-potty-rental-nebraska",city,58,159,1,5,1143,28.0,True,0,""
"porta-potty-rental-nevada",city,56,157,1,5,1209,30.7,True,0,""
"porta-potty-rental-new-haven-ct",city,59,149,1,15,5841,112.6,True,0,""
"porta-potty-rental-new-jersey",city,60,149,1,5,1155,29.8,True,0,""
"porta-potty-rental-new-mexico",city,60,149,1,5,1302,29.8,True,0,""
"porta-potty-rental-new-orleans-la",city,60,157,1,14,5725,107.1,True,0,""
"porta-potty-rental-new-york",city,59,160,1,5,1320,33.8,True,0,""
"porta-potty-rental-new-york-city-ny",city,63,153,1,13,6353,111.8,True,0,""
"porta-potty-rental-newark-nj",city,56,152,1,13,5385,106.5,True,0,""
"porta-potty-rental-newport-news-va",city,62,153,1,10,4647,75.6,True,0,""
"porta-potty-rental-norfolk-va",city,57,159,1,10,4305,73.5,True,0,""
"porta-potty-rental-north-carolina",city,64,153,1,6,1378,33.7,True,0,""
"porta-potty-rental-north-dakota",city,62,151,1,5,1301,29.9,True,0,""
"porta-potty-rental-north-hempstead-ny",city,65,148,1,13,5730,111.0,True,0,""
"porta-potty-rental-north-las-vegas-nv",city,63,146,1,14,6313,116.4,True,0,""
"porta-potty-rental-oakland-ca",city,56,153,1,13,5334,100.8,True,0,""
"porta-potty-rental-ohio",city,54,155,1,5,1162,28.7,True,0,""
"porta-potty-rental-oklahoma",city,58,159,1,5,1144,28.0,True,0,""
"porta-potty-rental-oklahoma-city-ok",city,53,156,1,10,4321,72.5,True,0,""
"porta-potty-rental-oklahoma-county-ok",city,60,149,1,7,2782,43.9,True,0,""
"porta-potty-rental-olathe-ks",city,56,152,1,14,5509,102.2,True,0,""
"porta-potty-rental-omaha-ne",city,52,158,1,10,4357,72.4,True,0,""
"porta-potty-rental-orange-county-ca",city,59,150,1,6,1977,39.7,True,0,""
"porta-potty-rental-orange-county-fl",city,58,159,1,7,2833,44.2,True,0,""
"porta-potty-rental-oregon",city,56,157,1,5,1142,27.9,True,0,""
"porta-potty-rental-orlando-fl",city,57,153,1,13,5230,106.2,True,0,""
"porta-potty-rental-overland-park-ks",city,63,153,1,13,5714,106.2,True,0,""
"porta-potty-rental-owensboro-ky",city,59,149,1,14,5337,106.9,True,0,""
"porta-potty-rental-oyster-bay-ny",city,60,150,1,13,5602,116.4,True,0,""
"porta-potty-rental-palm-bay-fl",city,62,157,1,17,5549,121.4,True,0,""
"porta-potty-rental-paradise-ca",city,58,151,1,14,5402,103.2,True,0,""
"porta-potty-rental-paterson-nj",city,58,154,1,13,5389,105.4,True,0,""
"porta-potty-rental-pearland-tx",city,58,154,1,15,5648,117.2,True,0,""
"porta-potty-rental-pembroke-pines-fl",city,64,154,1,15,5703,113.1,True,0,""
"porta-potty-rental-pennsylvania",city,62,151,1,5,1142,28.2,True,0,""
"porta-potty-rental-pensacola-fl",city,59,159,1,10,4401,74.2,True,0,""
"porta-potty-rental-peoria-az",city,55,151,1,10,4435,73.3,True,0,""
"porta-potty-rental-peoria-il",city,56,152,1,14,5381,112.2,True,0,""
"porta-potty-rental-phoenix-az",city,56,153,1,13,5374,109.3,True,0,""
"porta-potty-rental-pittsburgh-pa",city,57,149,1,10,4245,72.6,True,0,""
"porta-potty-rental-plano-tx",city,65,147,1,16,5916,123.0,True,0,""
"porta-potty-rental-plymouth-ma",city,63,150,1,13,5408,110.5,True,0,""
"porta-potty-rental-pompano-beach-fl",city,63,149,1,17,5523,122.1,True,0,""
"porta-potty-rental-port-st-lucie-fl",city,56,152,1,16,5620,108.9,True,0,""
"porta-potty-rental-portland-me",city,53,155,1,10,4239,73.8,True,0,""
"porta-potty-rental-portland-or",city,58,146,1,10,4363,72.9,True,0,""
"porta-potty-rental-providence-ri",city,63,158,1,10,4270,73.9,True,0,""
"porta-potty-rental-provo-ut",city,51,150,1,10,4333,71.6,True,0,""
"porta-potty-rental-pueblo-co",city,59,157,1,10,4359,73.5,True,0,""
"porta-potty-rental-raleigh-nc",city,65,160,1,10,4347,73.3,True,0,""
"porta-potty-rental-rapid-city-sd",city,58,158,1,10,4760,73.6,True,0,""
"porta-potty-rental-reno-nv",city,63,149,1,14,5316,110.9,True,0,""
"porta-potty-rental-richmond-va",city,55,151,1,10,4242,73.5,True,0,""
"porta-potty-rental-riverside-ca",city,58,155,1,14,5541,103.8,True,0,""
"porta-potty-rental-riverside-county-ca",city,61,152,1,7,2823,45.5,True,0,""
"porta-potty-rental-roanoke-va",city,53,160,1,10,4378,74.0,True,0,""
"porta-potty-rental-rochester-ny",city,59,152,1,13,5313,113.1,True,0,""
"porta-potty-rental-rockford-il",city,58,154,1,13,5298,103.3,True,0,""
"porta-potty-rental-round-rock-tx",city,60,150,1,15,5825,120.2,True,0,""
"porta-potty-rental-sacramento-ca",city,59,156,1,14,5495,103.9,True,0,""
"porta-potty-rental-sacramento-county-ca",city,65,157,1,7,2823,45.4,True,0,""
"porta-potty-rental-salt-lake-city-ut",city,54,157,1,10,4648,73.8,True,0,""
"porta-potty-rental-salt-lake-county-ut",city,61,159,1,7,2971,44.6,True,0,""
"porta-potty-rental-san-antonio-tx",city,60,157,1,13,5378,102.0,True,0,""
"porta-potty-rental-san-bernardino-ca",city,64,154,1,12,5634,104.8,True,0,""
"porta-potty-rental-san-diego-ca",city,58,155,1,14,5739,103.3,True,0,""
"porta-potty-rental-san-diego-county-ca",city,61,152,1,7,2904,45.5,True,0,""
"porta-potty-rental-san-francisco-ca",city,63,156,1,14,5756,104.8,True,0,""
"porta-potty-rental-san-jose-ca",city,57,154,1,14,5845,103.9,True,0,""
"porta-potty-rental-sandy-spring-md",city,62,152,1,14,5235,102.0,True,0,""
"porta-potty-rental-santa-ana-ca",city,59,138,1,14,5943,104.5,True,0,""
"porta-potty-rental-santa-clara-county-ca",city,52,158,1,7,2924,45.5,True,0,""
"porta-potty-rental-sarasota-fl",city,59,157,1,10,4415,74.2,True,0,""
"porta-potty-rental-savannah-ga",city,62,154,1,13,5281,108.9,True,0,""
"porta-potty-rental-schaumburg-il",city,61,153,1,14,5318,112.4,True,0,""
"porta-potty-rental-scottsdale-az",city,60,150,1,15,5522,111.2,True,0,""
"porta-potty-rental-seattle-wa",city,56,153,1,14,5299,112.2,True,0,""
"porta-potty-rental-shelby-county-tn",city,58,154,1,7,2736,44.2,True,0,""
"porta-potty-rental-shreveport-la",city,60,150,1,13,5203,105.1,True,0,""
"porta-potty-rental-silver-spring-md",city,63,153,1,14,5421,110.2,True,0,""
"porta-potty-rental-sioux-falls-sd",city,58,151,1,10,4488,72.4,True,0,""
"porta-potty-rental-south-bend-in",city,63,154,1,14,5833,114.1,True,0,""
"porta-potty-rental-south-carolina",city,64,153,1,6,1380,33.6,True,0,""
"porta-potty-rental-south-dakota",city,62,151,1,5,1303,29.9,True,0,""
"porta-potty-rental-south-fulton-ga",city,58,152,1,13,5580,109.8,True,0,""
"porta-potty-rental-southwest-anaheim-ca",city,63,146,1,12,5299,100.2,True,0,""
"porta-potty-rental-spartanburg-sc",city,56,159,1,10,4445,75.6,True,0,""
"porta-potty-rental-spokane-wa",city,61,153,1,14,5400,112.2,True,0,""
"porta-potty-rental-spring-valley-ca",city,63,153,1,13,5602,106.9,True,0,""
"porta-potty-rental-springfield-il",city,61,151,1,14,5160,102.3,True,0,""
"porta-potty-rental-springfield-mo",city,56,151,1,10,4561,74.5,True,0,""
"porta-potty-rental-st-louis-mo",city,58,155,1,13,5663,100.8,True,0,""
"porta-potty-rental-st-paul-mn",city,58,154,1,13,5196,99.5,True,0,""
"porta-potty-rental-st-petersburg-fl",city,64,154,1,15,5710,119.3,True,0,""
"porta-potty-rental-stamford-ct",city,58,154,1,15,5586,120.6,True,0,""
"porta-potty-rental-sterling-heights-mi",city,58,151,1,15,5761,122.6,True,0,""
"porta-potty-rental-stockton-ca",city,57,154,1,14,5667,103.8,True,0,""
"porta-potty-rental-suffolk-county-ma",city,59,157,1,7,2749,44.4,True,0,""
"porta-potty-rental-suffolk-county-ny",city,59,154,1,7,2876,46.4,True,0,""
"porta-potty-rental-sugar-land-tx",city,60,150,1,15,5969,119.0,True,0,""
"porta-potty-rental-sunrise-manor-nv",city,63,153,1,14,5430,104.3,True,0,""
"porta-potty-rental-surprise-az",city,58,154,1,15,5452,110.1,True,0,""
"porta-potty-rental-syracuse-ny",city,58,151,1,13,5420,117.3,True,0,""
"porta-potty-rental-tacoma-wa",city,65,151,1,14,5283,112.5,True,0,""
"porta-potty-rental-tallahassee-fl",city,61,154,1,15,5269,108.8,True,0,""
"porta-potty-rental-tampa-fl",city,54,151,1,14,5485,114.6,True,0,""
"porta-potty-rental-tarrant-county-tx",city,59,158,1,7,2797,45.2,True,0,""
"porta-potty-rental-tempe-az",city,55,151,1,15,5541,110.8,True,0,""
"porta-potty-rental-tennessee",city,59,160,1,6,1924,40.1,True,0,""
"porta-potty-rental-texas",city,56,157,1,4,1324,39.3,True,0,""
"porta-potty-rental-the-woodlands-tx",city,56,152,1,13,5627,110.9,True,0,""
"porta-potty-rental-toledo-oh",city,53,152,1,10,4458,73.3,True,0,""
"porta-potty-rental-topeka-ks",city,56,152,1,13,5214,103.7,True,0,""
"porta-potty-rental-travis-county-tx",city,58,157,1,7,2842,45.1,True,0,""
"porta-potty-rental-tucson-az",city,55,152,1,15,5473,109.4,True,0,""
"porta-potty-rental-tulsa-ok",city,53,151,1,10,4378,72.0,True,0,""
"porta-potty-rental-tuscaloosa-al",city,60,150,1,13,5129,101.9,True,0,""
"porta-potty-rental-tustin-ca",city,65,154,1,14,5664,103.4,True,0,""
"porta-potty-rental-utah",city,54,155,1,5,1149,27.8,True,0,""
"porta-potty-rental-vancouver-wa",city,61,153,1,14,5388,112.8,True,0,""
"porta-potty-rental-virginia",city,58,159,1,5,1144,28.0,True,0,""
"porta-potty-rental-virginia-beach-va",city,55,150,1,10,4475,74.5,True,0,""
"porta-potty-rental-waco-tx",city,54,150,1,17,5700,119.3,True,0,""
"porta-potty-rental-waldorf-md",city,61,153,1,14,5458,112.6,True,0,""
"porta-potty-rental-warren-city-mi",city,52,146,1,17,5846,127.0,True,0,""
"porta-potty-rental-washington",city,60,149,1,5,1208,31.3,True,0,""
"porta-potty-rental-waterbury-ct",city,59,149,1,15,5670,117.8,True,0,""
"porta-potty-rental-wayne-county-mi",city,57,159,1,7,2747,44.2,True,0,""
"porta-potty-rental-west-anaheim-ca",city,58,152,1,12,5258,99.1,True,0,""
"porta-potty-rental-west-palm-beach-fl",city,65,150,1,15,5968,119.7,True,0,""
"porta-potty-rental-wichita-falls-tx",city,63,153,1,15,5750,121.1,True,0,""
"porta-potty-rental-wichita-ks",city,56,153,1,13,5439,109.2,True,0,""
"porta-potty-rental-wisconsin",city,59,160,1,5,1141,28.0,True,0,""
"porta-potty-rental-woodbury-mn",city,58,154,1,13,5305,104.0,True,0,""
"porta-potty-rental-worcester-ma",city,59,149,1,15,5556,118.3,True,0,""
"porta-potty-rental-wyoming",city,57,158,1,5,1150,28.4,True,0,""
"porta-potty-rental-yonkers-ny",city,57,153,1,13,5497,115.8,True,0,""
"services/ada-compliant-units.html",service,62,145,1,5,938,26.7,True,0,""
"services/construction-porta-potty-rentals.html",service,61,154,1,5,937,26.8,True,0,""
"services/crane-hook-porta-potty-rentals.html",service,62,149,1,7,1625,27.4,True,0,""
"services/deluxe-porta-potty.html",service,55,146,1,4,854,25.4,True,0,""
"services/disaster-relief-porta-potty-rental.html",service,63,156,1,8,1612,31.2,True,0,""
"services/emergency-short-term-rentals.html",service,59,115,1,5,849,23.6,True,0,""
"services/event-restroom-trailers.html",service,58,144,1,8,1064,28.6,True,0,""
"services/fancy-portable-restroom-trailers-for-rent.html",service,59,147,1,6,1160,32.4,True,0,""
"services/festival-porta-potty-rental.html",service,62,138,1,9,1655,32.9,True,0,""
"services/film-set-porta-potty-rental.html",service,57,142,1,8,1556,30.7,True,0,""
"services/flushable-portable-toilets.html",service,55,107,1,7,1578,28.0,True,0,""
"services/funeral-porta-potty-rental.html",service,63,113,1,8,1548,31.5,True,0,""
"services/hand-wash-stations.html",service,56,157,1,4,861,25.1,True,0,""
"services/handicap-portable-toilets.html",service,61,119,1,7,1511,36.1,True,0,""
"services/index.html",service,60,150,1,4,810,35.0,True,0,""
"services/luxury-restroom-trailers.html",service,57,153,1,11,2527,50.3,True,0,""
"services/oilfield-porta-potty-rental.html",service,63,143,1,8,1431,31.4,True,0,""
"services/parks-farms-film-shoots-porta-potty-rental.html",service,63,156,1,7,1343,29.9,True,0,""
"services/porta-potty-on-trailer.html",service,60,132,1,6,1796,28.5,True,0,""
"services/restroom-trailer-setup-removal.html",service,62,159,1,4,730,22.3,True,0,""
"services/rolling-porta-potty-rental.html",service,61,148,1,7,1650,29.5,True,0,""
"services/septic-pumping-holding-tanks.html",service,62,150,1,8,1466,35.8,True,0,""
"services/sporting-events-porta-potty-rental.html",service,62,122,1,7,1199,29.9,True,0,""
"services/standard-porta-potty.html",service,61,150,1,5,1289,31.5,True,0,""
"services/vip-trailers-rental.html",service,61,122,1,7,1193,31.2,True,0,""
"blog/ada-compliant-porta-potties.html",blog,55,119,1,9,1409,27.9,True,0,""
"blog/ada-porta-potty-requirements-guide.html",blog,64,159,1,9,1594,27.3,True,0,""
"blog/agricultural-farm-porta-potty.html",blog,56,158,1,9,1539,27.2,True,0,""
"blog/best-luxury-restroom-trailer-for-weddings.html",blog,61,159,1,8,1628,27.5,True,0,""
"blog/camping-portable-toilet-options.html",blog,59,150,1,9,1567,27.7,True,0,""
"blog/construction-portable-toilet-requirements.html",blog,64,153,1,9,1731,28.8,True,0,""
"blog/construction-sanitation-plan-template.html",blog,61,157,1,9,1471,27.0,True,0,""
"blog/construction-toilet-ratio-by-trade.html",blog,58,153,1,8,1493,26.7,True,0,""
"blog/disaster-relief-portable-toilet-guide.html",blog,55,148,1,8,1447,27.1,True,0,""
"blog/emergency-porta-potty-rental-guide.html",blog,57,158,1,9,1523,27.4,True,0,""
"blog/event-sanitation-checklist.html",blog,65,146,1,8,1274,26.6,True,0,""
"blog/festival-porta-potty-calculator.html",blog,64,156,1,6,1060,23.2,True,0,""
"blog/flushable-portable-toilet-guide.html",blog,62,157,1,9,1548,27.2,True,0,""
"blog/hand-wash-station-requirements.html",blog,63,123,1,10,1349,27.2,True,0,""
"blog/high-rise-construction-porta-potty.html",blog,56,159,1,9,1690,28.1,True,0,""
"blog/how-long-before-porta-potty-needs-service.html",blog,64,158,1,9,1434,26.3,True,0,""
"blog/how-many-porta-potties-do-you-need.html",blog,59,150,1,7,1309,28.9,True,0,""
"blog/how-many-porta-potties-for-wedding.html",blog,64,139,1,8,1202,24.4,True,0,""
"blog/how-porta-potty-service-works.html",blog,59,151,1,8,1539,26.6,True,0,""
"blog/how-to-choose-porta-potty-rental-company.html",blog,63,157,1,3,1585,27.1,True,0,""
"blog/how-to-prevent-porta-potty-from-tipping.html",blog,61,151,1,8,1560,26.7,True,0,""
"blog/how-to-read-porta-potty-contract.html",blog,64,143,1,10,1633,27.9,True,0,""
"blog/index.html",blog,54,128,1,4,2133,46.0,True,0,""
"blog/luxury-restroom-trailer-rental-cost.html",blog,64,152,1,9,1592,27.9,True,0,""
"blog/luxury-vs-standard-porta-potties.html",blog,60,118,1,8,1213,26.6,True,0,""
"blog/marathon-race-portable-toilet-guide.html",blog,59,156,1,9,1110,23.7,True,0,""
"blog/oilfield-portable-toilet-guide.html",blog,60,159,1,9,1533,27.7,True,0,""
"blog/osha-construction-restroom-compliance-checklist.html",blog,63,154,1,10,1344,28.1,True,0,""
"blog/osha-requirements-construction-sites.html",blog,58,144,1,16,1865,34.7,True,0,""
"blog/outdoor-event-restroom-planning.html",blog,65,160,1,9,1655,27.8,True,0,""
"blog/porta-potty-etiquette-guide.html",blog,63,157,1,8,1655,26.9,True,0,""
"blog/porta-potty-for-corporate-events.html",blog,62,150,1,8,1352,26.0,True,0,""
"blog/porta-potty-for-home-renovation.html",blog,63,156,1,9,1688,27.7,True,0,""
"blog/porta-potty-for-hunting-camp.html",blog,54,157,1,9,1582,27.3,True,0,""
"blog/porta-potty-for-parties.html",blog,64,156,1,9,1590,26.7,True,0,""
"blog/porta-potty-for-sporting-events.html",blog,63,160,1,9,1425,26.9,True,0,""
"blog/porta-potty-odor-control-guide.html",blog,61,159,1,9,1621,27.6,True,0,""
"blog/porta-potty-permits-guide.html",blog,55,101,1,12,1493,34.3,True,0,""
"blog/porta-potty-placement-guide.html",blog,61,126,1,14,1616,30.3,True,0,""
"blog/porta-potty-rental-costs-2026.html",blog,64,154,1,10,1070,32.3,True,0,""
"blog/porta-potty-rental-tax-deduction.html",blog,65,152,1,9,1576,27.2,True,0,""
"blog/porta-potty-rental-weekly-vs-monthly.html",blog,59,159,1,8,1582,27.1,True,0,""
"blog/porta-potty-servicing-schedule.html",blog,56,112,1,12,1416,31.8,True,0,""
"blog/porta-potty-vs-restroom-trailer.html",blog,61,160,1,6,1639,31.8,True,0,""
"blog/porta-potty-vs-septic-system.html",blog,63,155,1,8,1446,26.7,True,0,""
"blog/porta-potty-weight-capacity.html",blog,61,159,1,9,1495,26.5,True,0,""
"blog/portable-toilet-for-music-festivals.html",blog,56,160,1,9,1538,27.6,True,0,""
"blog/portable-toilet-for-small-business.html",blog,60,151,1,8,1517,27.0,True,0,""
"blog/portable-toilet-near-water-bodies.html",blog,60,156,1,8,1605,27.9,True,0,""
"blog/portable-toilet-rental-near-me.html",blog,61,155,1,9,1545,27.1,True,0,""
"blog/premium-restroom-trailer-service-guide.html",blog,60,147,1,7,1141,25.5,True,0,""
"blog/quinceañera-portable-toilet-guide.html",blog,63,150,1,9,1481,27.2,True,0,""
"blog/real-2026-porta-potty-rental-costs.html",blog,65,154,1,4,1625,29.9,True,0,""
"blog/restroom-trailer-setup-guide.html",blog,65,149,1,9,1636,27.4,True,0,""
"blog/same-day-porta-potty-rental.html",blog,60,123,1,8,1407,27.3,True,0,""
"blog/solar-farm-construction-sanitation.html",blog,60,158,1,8,1540,27.3,True,0,""
"blog/tailgate-porta-potty-rental.html",blog,63,159,1,8,1506,26.7,True,0,""
"blog/types-of-portable-toilets-explained.html",blog,60,151,1,12,1609,28.3,True,0,""
"blog/vip-restroom-trailer-guide.html",blog,64,158,1,9,1647,28.3,True,0,""
"blog/wedding-porta-potty-rental-guide.html",blog,59,149,1,7,1404,33.3,True,0,""
"blog/winter-porta-potty-tips.html",blog,59,107,1,14,1532,31.0,True,0,""
"index.html",root,57,141,1,12,3614,124.4,True,0,""
"404.html",root,45,156,1,2,113,4.0,False,3,"NO_SCHEMA|UNDERSIZED(4KB)|ROBOTS_RESTRICTED(noindex, follow)"
